BTC,"$103,054.42",0.21%,2025-11-05 20:17:15
ETH,"$3,339.60",0.33%,2025-11-05 20:17:15
USDT,$1.00,0.02%,2025-11-05 20:17:15
XRP,$2.24,0.08%,2025-11-05 20:17:15
BNB,$954.71,0.10%,2025-11-05 20:17:15
SOL,$157.73,0.55%,2025-11-05 20:17:15
USDC,$1.00,0.04%,2025-11-05 20:17:15
TRX,$0.2869,0.05%,2025-11-05 20:17:15
DOGE,$0.1640,0.30%,2025-11-05 20:17:15
ADA,$0.5396,0.44%,2025-11-05 20:17:15
BTC,"$103,054.42",0.21%,2025-11-05 20:17:45
ETH,"$3,339.60",0.33%,2025-11-05 20:17:45
USDT,$1.00,0.02%,2025-11-05 20:17:45
XRP,$2.24,0.08%,2025-11-05 20:17:45
BNB,$954.71,0.10%,2025-11-05 20:17:45
SOL,$157.73,0.55%,2025-11-05 20:17:45
USDC,$1.00,0.04%,2025-11-05 20:17:45
TRX,$0.2869,0.05%,2025-11-05 20:17:45
DOGE,$0.1640,0.30%,2025-11-05 20:17:45
ADA,$0.5396,0.44%,2025-11-05 20:17:45
BTC,"$103,107.30",0.23%,2025-11-05 20:18:17
ETH,"$3,337.73",0.57%,2025-11-05 20:18:17
USDT,$0.9998,0.05%,2025-11-05 20:18:17
XRP,$2.24,0.08%,2025-11-05 20:18:17
BNB,$954.71,0.10%,2025-11-05 20:18:17
SOL,$157.73,0.55%,2025-11-05 20:18:17
USDC,$1.00,0.04%,2025-11-05 20:18:17
TRX,$0.2869,0.05%,2025-11-05 20:18:17
DOGE,$0.1640,0.30%,2025-11-05 20:18:17
ADA,$0.5396,0.44%,2025-11-05 20:18:17
BTC,"$103,107.30",0.23%,2025-11-05 20:18:47
ETH,"$3,337.73",0.57%,2025-11-05 20:18:47
USDT,$0.9998,0.05%,2025-11-05 20:18:47
XRP,$2.24,0.08%,2025-11-05 20:18:47
BNB,$954.71,0.10%,2025-11-05 20:18:47
SOL,$157.73,0.55%,2025-11-05 20:18:47
USDC,$1.00,0.04%,2025-11-05 20:18:47
TRX,$0.2869,0.05%,2025-11-05 20:18:47
DOGE,$0.1640,0.30%,2025-11-05 20:18:47
ADA,$0.5396,0.44%,2025-11-05 20:18:47
BTC,"$103,107.30",0.23%,2025-11-05 20:19:18
ETH,"$3,337.73",0.57%,2025-11-05 20:19:18
USDT,$0.9998,0.05%,2025-11-05 20:19:18
XRP,$2.24,0.08%,2025-11-05 20:19:18
BNB,$954.71,0.10%,2025-11-05 20:19:18
SOL,$157.73,0.55%,2025-11-05 20:19:18
USDC,$1.00,0.04%,2025-11-05 20:19:18
TRX,$0.2869,0.05%,2025-11-05 20:19:18
DOGE,$0.1640,0.30%,2025-11-05 20:19:18
ADA,$0.5396,0.44%,2025-11-05 20:19:18
BTC,"$103,073.58",0.23%,2025-11-05 20:19:48
ETH,"$3,337.96",0.37%,2025-11-05 20:19:48
USDT,$1.00,0.01%,2025-11-05 20:19:48
XRP,$2.25,0.02%,2025-11-05 20:19:48
BNB,$954.85,0.05%,2025-11-05 20:19:48
SOL,$158.45,0.43%,2025-11-05 20:19:48
USDC,$1.00,0.04%,2025-11-05 20:19:48
TRX,$0.2871,0.10%,2025-11-05 20:19:48
DOGE,$0.1648,0.14%,2025-11-05 20:19:48
ADA,$0.5404,0.25%,2025-11-05 20:19:48
BTC,"$103,073.58",0.23%,2025-11-05 20:20:19
ETH,"$3,337.96",0.37%,2025-11-05 20:20:19
USDT,$1.00,0.01%,2025-11-05 20:20:19
XRP,$2.25,0.02%,2025-11-05 20:20:19
BNB,$954.85,0.05%,2025-11-05 20:20:19
SOL,$158.45,0.43%,2025-11-05 20:20:19
USDC,$1.00,0.04%,2025-11-05 20:20:19
TRX,$0.2871,0.10%,2025-11-05 20:20:19
DOGE,$0.1648,0.14%,2025-11-05 20:20:19
ADA,$0.5404,0.25%,2025-11-05 20:20:19
